,Path,Shape,Include
0,/Users/joemarsilla/Downloads/FINAL_/outs_42_FULL.nrrd,"(303, 512, 512)",False
1,/Users/joemarsilla/Downloads/FINAL_/outs_102_FULL.nrrd,"(242, 512, 512)",False
2,/Users/joemarsilla/Downloads/FINAL_/outs_428_FULL.nrrd,"(289, 512, 512)",False
3,/Users/joemarsilla/Downloads/FINAL_/outs_334_FULL.nrrd,"(253, 512, 512)",False
4,/Users/joemarsilla/Downloads/FINAL_/outs_272_FULL.nrrd,"(112, 512, 512)",True
5,/Users/joemarsilla/Downloads/FINAL_/outs_38_FULL.nrrd,"(306, 512, 512)",False
6,/Users/joemarsilla/Downloads/FINAL_/outs_208_FULL.nrrd,"(142, 512, 512)",True
7,/Users/joemarsilla/Downloads/FINAL_/outs_178_FULL.nrrd,"(294, 512, 512)",False
8,/Users/joemarsilla/Downloads/FINAL_/outs_452_FULL.nrrd,"(328, 512, 512)",False
9,/Users/joemarsilla/Downloads/FINAL_/outs_387_FULL.nrrd,"(247, 512, 512)",False
10,/Users/joemarsilla/Downloads/FINAL_/outs_393_FULL.nrrd,"(112, 512, 512)",True
11,/Users/joemarsilla/Downloads/FINAL_/outs_446_FULL.nrrd,"(287, 512, 512)",False
12,/Users/joemarsilla/Downloads/FINAL_/outs_266_FULL.nrrd,"(292, 512, 512)",False
13,/Users/joemarsilla/Downloads/FINAL_/outs_320_FULL.nrrd,"(363, 512, 512)",False
14,/Users/joemarsilla/Downloads/FINAL_/outs_116_FULL.nrrd,"(150, 512, 512)",True
15,/Users/joemarsilla/Downloads/FINAL_/outs_56_FULL.nrrd,"(288, 512, 512)",False
16,/Users/joemarsilla/Downloads/FINAL_/outs_467_FULL.nrrd,"(263, 512, 512)",False
17,/Users/joemarsilla/Downloads/FINAL_/outs_184_FULL.nrrd,"(244, 512, 512)",False
18,/Users/joemarsilla/Downloads/FINAL_/outs_247_FULL.nrrd,"(157, 512, 512)",True
19,/Users/joemarsilla/Downloads/FINAL_/outs_137_FULL.nrrd,"(241, 512, 512)",False
20,/Users/joemarsilla/Downloads/FINAL_/outs_301_FULL.nrrd,"(160, 512, 512)",True
21,/Users/joemarsilla/Downloads/FINAL_/outs_77_FULL.nrrd,"(237, 512, 512)",False
22,/Users/joemarsilla/Downloads/FINAL_/outs_63_FULL.nrrd,"(239, 512, 512)",False
23,/Users/joemarsilla/Downloads/FINAL_/outs_315_FULL.nrrd,"(155, 512, 512)",True
24,/Users/joemarsilla/Downloads/FINAL_/outs_409_FULL.nrrd,"(294, 512, 512)",False
25,/Users/joemarsilla/Downloads/FINAL_/outs_123_FULL.nrrd,"(266, 512, 512)",False
26,/Users/joemarsilla/Downloads/FINAL_/outs_253_FULL.nrrd,"(112, 512, 512)",True
27,/Users/joemarsilla/Downloads/FINAL_/outs_19_FULL.nrrd,"(244, 512, 512)",False
28,/Users/joemarsilla/Downloads/FINAL_/outs_229_FULL.nrrd,"(112, 512, 512)",True
29,/Users/joemarsilla/Downloads/FINAL_/outs_190_FULL.nrrd,"(353, 512, 512)",False
30,/Users/joemarsilla/Downloads/FINAL_/outs_159_FULL.nrrd,"(268, 512, 512)",False
31,/Users/joemarsilla/Downloads/FINAL_/outs_339_FULL.nrrd,"(162, 512, 512)",True
32,/Users/joemarsilla/Downloads/FINAL_/outs_425_FULL.nrrd,"(278, 512, 512)",False
33,/Users/joemarsilla/Downloads/FINAL_/outs_86_FULL.nrrd,"(124, 512, 512)",True
34,/Users/joemarsilla/Downloads/FINAL_/outs_343_FULL.nrrd,"(256, 512, 512)",False
35,/Users/joemarsilla/Downloads/FINAL_/outs_175_FULL.nrrd,"(300, 512, 512)",False
36,/Users/joemarsilla/Downloads/FINAL_/outs_205_FULL.nrrd,"(307, 512, 512)",False
37,/Users/joemarsilla/Downloads/FINAL_/outs_35_FULL.nrrd,"(174, 512, 512)",True
38,/Users/joemarsilla/Downloads/FINAL_/outs_21_FULL.nrrd,"(130, 512, 512)",True
39,/Users/joemarsilla/Downloads/FINAL_/outs_211_FULL.nrrd,"(140, 512, 512)",True
40,/Users/joemarsilla/Downloads/FINAL_/outs_161_FULL.nrrd,"(134, 512, 512)",True
41,/Users/joemarsilla/Downloads/FINAL_/outs_357_FULL.nrrd,"(275, 512, 512)",False
42,/Users/joemarsilla/Downloads/FINAL_/outs_92_FULL.nrrd,"(156, 512, 512)",True
43,/Users/joemarsilla/Downloads/FINAL_/outs_431_FULL.nrrd,"(265, 512, 512)",False
44,/Users/joemarsilla/Downloads/FINAL_/outs_230_FULL.nrrd,"(163, 512, 512)",True
45,/Users/joemarsilla/Downloads/FINAL_/outs_376_FULL.nrrd,"(239, 512, 512)",False
46,/Users/joemarsilla/Downloads/FINAL_/outs_140_FULL.nrrd,"(250, 512, 512)",False
47,/Users/joemarsilla/Downloads/FINAL_/outs_189_FULL.nrrd,"(258, 512, 512)",False
48,/Users/joemarsilla/Downloads/FINAL_/outs_410_FULL.nrrd,"(143, 512, 512)",True
49,/Users/joemarsilla/Downloads/FINAL_/outs_283_FULL.nrrd,"(289, 512, 512)",False
50,/Users/joemarsilla/Downloads/FINAL_/outs_297_FULL.nrrd,"(224, 512, 512)",False
51,/Users/joemarsilla/Downloads/FINAL_/outs_404_FULL.nrrd,"(338, 512, 512)",False
52,/Users/joemarsilla/Downloads/FINAL_/outs_318_FULL.nrrd,"(171, 512, 512)",True
53,/Users/joemarsilla/Downloads/FINAL_/outs_3_FULL.nrrd,"(266, 512, 512)",False
54,/Users/joemarsilla/Downloads/FINAL_/outs_154_FULL.nrrd,"(279, 512, 512)",False
55,/Users/joemarsilla/Downloads/FINAL_/outs_362_FULL.nrrd,"(240, 512, 512)",False
56,/Users/joemarsilla/Downloads/FINAL_/outs_224_FULL.nrrd,"(245, 512, 512)",False
57,/Users/joemarsilla/Downloads/FINAL_/outs_14_FULL.nrrd,"(293, 512, 512)",False
58,/Users/joemarsilla/Downloads/FINAL_/outs_131_FULL.nrrd,"(114, 512, 512)",True
59,/Users/joemarsilla/Downloads/FINAL_/outs_307_FULL.nrrd,"(268, 512, 512)",False
60,/Users/joemarsilla/Downloads/FINAL_/outs_288_FULL.nrrd,"(140, 512, 512)",True
61,/Users/joemarsilla/Downloads/FINAL_/outs_241_FULL.nrrd,"(163, 512, 512)",True
62,/Users/joemarsilla/Downloads/FINAL_/outs_71_FULL.nrrd,"(255, 512, 512)",False
63,/Users/joemarsilla/Downloads/FINAL_/outs_461_FULL.nrrd,"(271, 512, 512)",False
64,/Users/joemarsilla/Downloads/FINAL_/outs_182_FULL.nrrd,"(112, 512, 512)",True
65,/Users/joemarsilla/Downloads/FINAL_/outs_369_FULL.nrrd,"(272, 512, 512)",False
66,/Users/joemarsilla/Downloads/FINAL_/outs_196_FULL.nrrd,"(259, 512, 512)",False
67,/Users/joemarsilla/Downloads/FINAL_/outs_8_FULL.nrrd,"(112, 512, 512)",True
68,/Users/joemarsilla/Downloads/FINAL_/outs_65_FULL.nrrd,"(375, 512, 512)",False
69,/Users/joemarsilla/Downloads/FINAL_/outs_255_FULL.nrrd,"(120, 512, 512)",True
70,/Users/joemarsilla/Downloads/FINAL_/outs_313_FULL.nrrd,"(204, 512, 512)",False
71,/Users/joemarsilla/Downloads/FINAL_/outs_125_FULL.nrrd,"(270, 512, 512)",False
72,/Users/joemarsilla/Downloads/FINAL_/outs_454_FULL.nrrd,"(140, 512, 512)",True
73,/Users/joemarsilla/Downloads/FINAL_/outs_348_FULL.nrrd,"(348, 512, 512)",False
74,/Users/joemarsilla/Downloads/FINAL_/outs_381_FULL.nrrd,"(179, 512, 512)",True
75,/Users/joemarsilla/Downloads/FINAL_/outs_44_FULL.nrrd,"(306, 512, 512)",False
76,/Users/joemarsilla/Downloads/FINAL_/outs_274_FULL.nrrd,"(112, 512, 512)",True
77,/Users/joemarsilla/Downloads/FINAL_/outs_104_FULL.nrrd,"(291, 512, 512)",False
78,/Users/joemarsilla/Downloads/FINAL_/outs_332_FULL.nrrd,"(222, 512, 512)",False
79,/Users/joemarsilla/Downloads/FINAL_/outs_326_FULL.nrrd,"(112, 512, 512)",True
80,/Users/joemarsilla/Downloads/FINAL_/outs_110_FULL.nrrd,"(366, 512, 512)",False
81,/Users/joemarsilla/Downloads/FINAL_/outs_50_FULL.nrrd,"(264, 512, 512)",False
82,/Users/joemarsilla/Downloads/FINAL_/outs_99_FULL.nrrd,"(150, 512, 512)",True
83,/Users/joemarsilla/Downloads/FINAL_/outs_395_FULL.nrrd,"(160, 512, 512)",True
84,/Users/joemarsilla/Downloads/FINAL_/outs_440_FULL.nrrd,"(112, 512, 512)",True
85,/Users/joemarsilla/Downloads/FINAL_/outs_285_FULL.nrrd,"(147, 512, 512)",True
86,/Users/joemarsilla/Downloads/FINAL_/outs_416_FULL.nrrd,"(283, 512, 512)",False
87,/Users/joemarsilla/Downloads/FINAL_/outs_370_FULL.nrrd,"(306, 512, 512)",False
88,/Users/joemarsilla/Downloads/FINAL_/outs_146_FULL.nrrd,"(240, 512, 512)",False
89,/Users/joemarsilla/Downloads/FINAL_/outs_236_FULL.nrrd,"(130, 512, 512)",True
90,/Users/joemarsilla/Downloads/FINAL_/outs_222_FULL.nrrd,"(309, 512, 512)",False
91,/Users/joemarsilla/Downloads/FINAL_/outs_152_FULL.nrrd,"(140, 512, 512)",True
92,/Users/joemarsilla/Downloads/FINAL_/outs_364_FULL.nrrd,"(113, 512, 512)",True
93,/Users/joemarsilla/Downloads/FINAL_/outs_12_FULL.nrrd,"(325, 512, 512)",False
94,/Users/joemarsilla/Downloads/FINAL_/outs_128_FULL.nrrd,"(112, 512, 512)",True
95,/Users/joemarsilla/Downloads/FINAL_/outs_402_FULL.nrrd,"(269, 512, 512)",False
96,/Users/joemarsilla/Downloads/FINAL_/outs_258_FULL.nrrd,"(130, 512, 512)",True
97,/Users/joemarsilla/Downloads/FINAL_/outs_291_FULL.nrrd,"(166, 512, 512)",True
98,/Users/joemarsilla/Downloads/FINAL_/outs_68_FULL.nrrd,"(231, 512, 512)",False
99,/Users/joemarsilla/Downloads/FINAL_/outs_5_FULL.nrrd,"(278, 512, 512)",False
100,/Users/joemarsilla/Downloads/FINAL_/outs_203_FULL.nrrd,"(286, 512, 512)",False
101,/Users/joemarsilla/Downloads/FINAL_/outs_345_FULL.nrrd,"(140, 512, 512)",True
102,/Users/joemarsilla/Downloads/FINAL_/outs_459_FULL.nrrd,"(233, 512, 512)",False
103,/Users/joemarsilla/Downloads/FINAL_/outs_173_FULL.nrrd,"(279, 512, 512)",False
104,/Users/joemarsilla/Downloads/FINAL_/outs_33_FULL.nrrd,"(272, 512, 512)",False
105,/Users/joemarsilla/Downloads/FINAL_/outs_423_FULL.nrrd,"(250, 512, 512)",False
106,/Users/joemarsilla/Downloads/FINAL_/outs_109_FULL.nrrd,"(137, 512, 512)",True
107,/Users/joemarsilla/Downloads/FINAL_/outs_279_FULL.nrrd,"(123, 512, 512)",True
108,/Users/joemarsilla/Downloads/FINAL_/outs_80_FULL.nrrd,"(265, 512, 512)",False
109,/Users/joemarsilla/Downloads/FINAL_/outs_49_FULL.nrrd,"(294, 512, 512)",False
110,/Users/joemarsilla/Downloads/FINAL_/outs_94_FULL.nrrd,"(362, 512, 512)",False
111,/Users/joemarsilla/Downloads/FINAL_/outs_437_FULL.nrrd,"(270, 512, 512)",False
112,/Users/joemarsilla/Downloads/FINAL_/outs_27_FULL.nrrd,"(415, 512, 512)",False
113,/Users/joemarsilla/Downloads/FINAL_/outs_167_FULL.nrrd,"(150, 512, 512)",True
114,/Users/joemarsilla/Downloads/FINAL_/outs_398_FULL.nrrd,"(128, 512, 512)",True
115,/Users/joemarsilla/Downloads/FINAL_/outs_351_FULL.nrrd,"(249, 512, 512)",False
116,/Users/joemarsilla/Downloads/FINAL_/outs_217_FULL.nrrd,"(237, 512, 512)",False
117,/Users/joemarsilla/Downloads/FINAL_/outs_392_FULL.nrrd,"(150, 512, 512)",True
118,/Users/joemarsilla/Downloads/FINAL_/outs_447_FULL.nrrd,"(245, 512, 512)",False
119,/Users/joemarsilla/Downloads/FINAL_/outs_321_FULL.nrrd,"(262, 512, 512)",False
120,/Users/joemarsilla/Downloads/FINAL_/outs_117_FULL.nrrd,"(126, 512, 512)",True
121,/Users/joemarsilla/Downloads/FINAL_/outs_267_FULL.nrrd,"(268, 512, 512)",False
122,/Users/joemarsilla/Downloads/FINAL_/outs_57_FULL.nrrd,"(277, 512, 512)",False
123,/Users/joemarsilla/Downloads/FINAL_/outs_43_FULL.nrrd,"(261, 512, 512)",False
124,/Users/joemarsilla/Downloads/FINAL_/outs_273_FULL.nrrd,"(117, 512, 512)",True
125,/Users/joemarsilla/Downloads/FINAL_/outs_103_FULL.nrrd,"(384, 512, 512)",False
126,/Users/joemarsilla/Downloads/FINAL_/outs_429_FULL.nrrd,"(300, 512, 512)",False
127,/Users/joemarsilla/Downloads/FINAL_/outs_335_FULL.nrrd,"(348, 512, 512)",False
128,/Users/joemarsilla/Downloads/FINAL_/outs_39_FULL.nrrd,"(230, 512, 512)",False
129,/Users/joemarsilla/Downloads/FINAL_/outs_179_FULL.nrrd,"(242, 512, 512)",False
130,/Users/joemarsilla/Downloads/FINAL_/outs_453_FULL.nrrd,"(251, 512, 512)",False
131,/Users/joemarsilla/Downloads/FINAL_/outs_386_FULL.nrrd,"(263, 512, 512)",False
132,/Users/joemarsilla/Downloads/FINAL_/outs_209_FULL.nrrd,"(160, 512, 512)",True
133,/Users/joemarsilla/Downloads/FINAL_/outs_62_FULL.nrrd,"(286, 512, 512)",False
134,/Users/joemarsilla/Downloads/FINAL_/outs_252_FULL.nrrd,"(286, 512, 512)",False
135,/Users/joemarsilla/Downloads/FINAL_/outs_314_FULL.nrrd,"(282, 512, 512)",False
136,/Users/joemarsilla/Downloads/FINAL_/outs_408_FULL.nrrd,"(268, 512, 512)",False
137,/Users/joemarsilla/Downloads/FINAL_/outs_122_FULL.nrrd,"(259, 512, 512)",False
138,/Users/joemarsilla/Downloads/FINAL_/outs_18_FULL.nrrd,"(149, 512, 512)",True
139,/Users/joemarsilla/Downloads/FINAL_/outs_191_FULL.nrrd,"(277, 512, 512)",False
140,/Users/joemarsilla/Downloads/FINAL_/outs_158_FULL.nrrd,"(112, 512, 512)",True
141,/Users/joemarsilla/Downloads/FINAL_/outs_228_FULL.nrrd,"(141, 512, 512)",True
142,/Users/joemarsilla/Downloads/FINAL_/outs_466_FULL.nrrd,"(320, 512, 512)",False
143,/Users/joemarsilla/Downloads/FINAL_/outs_185_FULL.nrrd,"(229, 512, 512)",False
144,/Users/joemarsilla/Downloads/FINAL_/outs_136_FULL.nrrd,"(142, 512, 512)",True
145,/Users/joemarsilla/Downloads/FINAL_/outs_300_FULL.nrrd,"(232, 512, 512)",False
146,/Users/joemarsilla/Downloads/FINAL_/outs_246_FULL.nrrd,"(313, 512, 512)",False
147,/Users/joemarsilla/Downloads/FINAL_/outs_76_FULL.nrrd,"(274, 512, 512)",False
148,/Users/joemarsilla/Downloads/FINAL_/outs_20_FULL.nrrd,"(296, 512, 512)",False
149,/Users/joemarsilla/Downloads/FINAL_/outs_160_FULL.nrrd,"(150, 512, 512)",True
150,/Users/joemarsilla/Downloads/FINAL_/outs_356_FULL.nrrd,"(235, 512, 512)",False
151,/Users/joemarsilla/Downloads/FINAL_/outs_210_FULL.nrrd,"(259, 512, 512)",False
152,/Users/joemarsilla/Downloads/FINAL_/outs_93_FULL.nrrd,"(112, 512, 512)",True
153,/Users/joemarsilla/Downloads/FINAL_/outs_430_FULL.nrrd,"(281, 512, 512)",False
154,/Users/joemarsilla/Downloads/FINAL_/outs_338_FULL.nrrd,"(259, 512, 512)",False
155,/Users/joemarsilla/Downloads/FINAL_/outs_424_FULL.nrrd,"(141, 512, 512)",True
156,/Users/joemarsilla/Downloads/FINAL_/outs_87_FULL.nrrd,"(254, 512, 512)",False
157,/Users/joemarsilla/Downloads/FINAL_/outs_204_FULL.nrrd,"(146, 512, 512)",True
158,/Users/joemarsilla/Downloads/FINAL_/outs_342_FULL.nrrd,"(231, 512, 512)",False
159,/Users/joemarsilla/Downloads/FINAL_/outs_174_FULL.nrrd,"(135, 512, 512)",True
160,/Users/joemarsilla/Downloads/FINAL_/outs_34_FULL.nrrd,"(214, 512, 512)",False
161,/Users/joemarsilla/Downloads/FINAL_/outs_405_FULL.nrrd,"(283, 512, 512)",False
162,/Users/joemarsilla/Downloads/FINAL_/outs_319_FULL.nrrd,"(112, 512, 512)",True
163,/Users/joemarsilla/Downloads/FINAL_/outs_296_FULL.nrrd,"(259, 512, 512)",False
164,/Users/joemarsilla/Downloads/FINAL_/outs_2_FULL.nrrd,"(164, 512, 512)",True
165,/Users/joemarsilla/Downloads/FINAL_/outs_225_FULL.nrrd,"(250, 512, 512)",False
166,/Users/joemarsilla/Downloads/FINAL_/outs_155_FULL.nrrd,"(140, 512, 512)",True
167,/Users/joemarsilla/Downloads/FINAL_/outs_363_FULL.nrrd,"(112, 512, 512)",True
168,/Users/joemarsilla/Downloads/FINAL_/outs_15_FULL.nrrd,"(288, 512, 512)",False
169,/Users/joemarsilla/Downloads/FINAL_/outs_377_FULL.nrrd,"(115, 512, 512)",True
170,/Users/joemarsilla/Downloads/FINAL_/outs_141_FULL.nrrd,"(135, 512, 512)",True
171,/Users/joemarsilla/Downloads/FINAL_/outs_188_FULL.nrrd,"(160, 512, 512)",True
172,/Users/joemarsilla/Downloads/FINAL_/outs_231_FULL.nrrd,"(112, 512, 512)",True
173,/Users/joemarsilla/Downloads/FINAL_/outs_282_FULL.nrrd,"(262, 512, 512)",False
174,/Users/joemarsilla/Downloads/FINAL_/outs_411_FULL.nrrd,"(257, 512, 512)",False
175,/Users/joemarsilla/Downloads/FINAL_/outs_368_FULL.nrrd,"(272, 512, 512)",False
176,/Users/joemarsilla/Downloads/FINAL_/outs_197_FULL.nrrd,"(162, 512, 512)",True
177,/Users/joemarsilla/Downloads/FINAL_/outs_64_FULL.nrrd,"(130, 512, 512)",True
178,/Users/joemarsilla/Downloads/FINAL_/outs_9_FULL.nrrd,"(256, 512, 512)",False
179,/Users/joemarsilla/Downloads/FINAL_/outs_312_FULL.nrrd,"(259, 512, 512)",False
180,/Users/joemarsilla/Downloads/FINAL_/outs_124_FULL.nrrd,"(263, 512, 512)",False
181,/Users/joemarsilla/Downloads/FINAL_/outs_254_FULL.nrrd,"(126, 512, 512)",True
182,/Users/joemarsilla/Downloads/FINAL_/outs_289_FULL.nrrd,"(312, 512, 512)",False
183,/Users/joemarsilla/Downloads/FINAL_/outs_240_FULL.nrrd,"(134, 512, 512)",True
184,/Users/joemarsilla/Downloads/FINAL_/outs_130_FULL.nrrd,"(307, 512, 512)",False
185,/Users/joemarsilla/Downloads/FINAL_/outs_306_FULL.nrrd,"(291, 512, 512)",False
186,/Users/joemarsilla/Downloads/FINAL_/outs_70_FULL.nrrd,"(287, 512, 512)",False
187,/Users/joemarsilla/Downloads/FINAL_/outs_460_FULL.nrrd,"(165, 512, 512)",True
188,/Users/joemarsilla/Downloads/FINAL_/outs_183_FULL.nrrd,"(112, 512, 512)",True
189,/Users/joemarsilla/Downloads/FINAL_/outs_261_FULL.nrrd,"(299, 512, 512)",False
190,/Users/joemarsilla/Downloads/FINAL_/outs_327_FULL.nrrd,"(279, 512, 512)",False
191,/Users/joemarsilla/Downloads/FINAL_/outs_111_FULL.nrrd,"(237, 512, 512)",False
192,/Users/joemarsilla/Downloads/FINAL_/outs_51_FULL.nrrd,"(273, 512, 512)",False
193,/Users/joemarsilla/Downloads/FINAL_/outs_98_FULL.nrrd,"(125, 512, 512)",True
194,/Users/joemarsilla/Downloads/FINAL_/outs_394_FULL.nrrd,"(160, 512, 512)",True
195,/Users/joemarsilla/Downloads/FINAL_/outs_441_FULL.nrrd,"(112, 512, 512)",True
196,/Users/joemarsilla/Downloads/FINAL_/outs_455_FULL.nrrd,"(112, 512, 512)",True
197,/Users/joemarsilla/Downloads/FINAL_/outs_349_FULL.nrrd,"(262, 512, 512)",False
198,/Users/joemarsilla/Downloads/FINAL_/outs_380_FULL.nrrd,"(264, 512, 512)",False
199,/Users/joemarsilla/Downloads/FINAL_/outs_45_FULL.nrrd,"(276, 512, 512)",False
200,/Users/joemarsilla/Downloads/FINAL_/outs_105_FULL.nrrd,"(307, 512, 512)",False
201,/Users/joemarsilla/Downloads/FINAL_/outs_333_FULL.nrrd,"(295, 512, 512)",False
202,/Users/joemarsilla/Downloads/FINAL_/outs_275_FULL.nrrd,"(228, 512, 512)",False
203,/Users/joemarsilla/Downloads/FINAL_/outs_153_FULL.nrrd,"(144, 512, 512)",True
204,/Users/joemarsilla/Downloads/FINAL_/outs_365_FULL.nrrd,"(293, 512, 512)",False
205,/Users/joemarsilla/Downloads/FINAL_/outs_223_FULL.nrrd,"(168, 512, 512)",True
206,/Users/joemarsilla/Downloads/FINAL_/outs_13_FULL.nrrd,"(361, 512, 512)",False
207,/Users/joemarsilla/Downloads/FINAL_/outs_259_FULL.nrrd,"(148, 512, 512)",True
208,/Users/joemarsilla/Downloads/FINAL_/outs_290_FULL.nrrd,"(112, 512, 512)",True
209,/Users/joemarsilla/Downloads/FINAL_/outs_129_FULL.nrrd,"(270, 512, 512)",False
210,/Users/joemarsilla/Downloads/FINAL_/outs_403_FULL.nrrd,"(140, 512, 512)",True
211,/Users/joemarsilla/Downloads/FINAL_/outs_4_FULL.nrrd,"(549, 512, 512)",False
212,/Users/joemarsilla/Downloads/FINAL_/outs_69_FULL.nrrd,"(267, 512, 512)",False
213,/Users/joemarsilla/Downloads/FINAL_/outs_417_FULL.nrrd,"(248, 512, 512)",False
214,/Users/joemarsilla/Downloads/FINAL_/outs_284_FULL.nrrd,"(353, 512, 512)",False
215,/Users/joemarsilla/Downloads/FINAL_/outs_237_FULL.nrrd,"(112, 512, 512)",True
216,/Users/joemarsilla/Downloads/FINAL_/outs_371_FULL.nrrd,"(251, 512, 512)",False
217,/Users/joemarsilla/Downloads/FINAL_/outs_147_FULL.nrrd,"(144, 512, 512)",True
218,/Users/joemarsilla/Downloads/FINAL_/outs_95_FULL.nrrd,"(250, 512, 512)",False
219,/Users/joemarsilla/Downloads/FINAL_/outs_436_FULL.nrrd,"(321, 512, 512)",False
220,/Users/joemarsilla/Downloads/FINAL_/outs_26_FULL.nrrd,"(112, 512, 512)",True
221,/Users/joemarsilla/Downloads/FINAL_/outs_216_FULL.nrrd,"(115, 512, 512)",True
222,/Users/joemarsilla/Downloads/FINAL_/outs_166_FULL.nrrd,"(292, 512, 512)",False
223,/Users/joemarsilla/Downloads/FINAL_/outs_399_FULL.nrrd,"(112, 512, 512)",True
224,/Users/joemarsilla/Downloads/FINAL_/outs_350_FULL.nrrd,"(156, 512, 512)",True
225,/Users/joemarsilla/Downloads/FINAL_/outs_344_FULL.nrrd,"(290, 512, 512)",False
226,/Users/joemarsilla/Downloads/FINAL_/outs_458_FULL.nrrd,"(132, 512, 512)",True
227,/Users/joemarsilla/Downloads/FINAL_/outs_172_FULL.nrrd,"(228, 512, 512)",False
228,/Users/joemarsilla/Downloads/FINAL_/outs_202_FULL.nrrd,"(343, 512, 512)",False
229,/Users/joemarsilla/Downloads/FINAL_/outs_32_FULL.nrrd,"(273, 512, 512)",False
230,/Users/joemarsilla/Downloads/FINAL_/outs_278_FULL.nrrd,"(112, 512, 512)",True
231,/Users/joemarsilla/Downloads/FINAL_/outs_422_FULL.nrrd,"(327, 512, 512)",False
232,/Users/joemarsilla/Downloads/FINAL_/outs_108_FULL.nrrd,"(112, 512, 512)",True
233,/Users/joemarsilla/Downloads/FINAL_/outs_81_FULL.nrrd,"(276, 512, 512)",False
234,/Users/joemarsilla/Downloads/FINAL_/outs_48_FULL.nrrd,"(294, 512, 512)",False
235,/Users/joemarsilla/Downloads/FINAL_/outs_465_FULL.nrrd,"(186, 512, 512)",True
236,/Users/joemarsilla/Downloads/FINAL_/outs_186_FULL.nrrd,"(276, 512, 512)",False
237,/Users/joemarsilla/Downloads/FINAL_/outs_379_FULL.nrrd,"(161, 512, 512)",True
238,/Users/joemarsilla/Downloads/FINAL_/outs_75_FULL.nrrd,"(304, 512, 512)",False
239,/Users/joemarsilla/Downloads/FINAL_/outs_245_FULL.nrrd,"(135, 512, 512)",True
240,/Users/joemarsilla/Downloads/FINAL_/outs_135_FULL.nrrd,"(296, 512, 512)",False
241,/Users/joemarsilla/Downloads/FINAL_/outs_303_FULL.nrrd,"(297, 512, 512)",False
242,/Users/joemarsilla/Downloads/FINAL_/outs_317_FULL.nrrd,"(275, 512, 512)",False
243,/Users/joemarsilla/Downloads/FINAL_/outs_121_FULL.nrrd,"(349, 512, 512)",False
244,/Users/joemarsilla/Downloads/FINAL_/outs_298_FULL.nrrd,"(173, 512, 512)",True
245,/Users/joemarsilla/Downloads/FINAL_/outs_251_FULL.nrrd,"(265, 512, 512)",False
246,/Users/joemarsilla/Downloads/FINAL_/outs_61_FULL.nrrd,"(112, 512, 512)",True
247,/Users/joemarsilla/Downloads/FINAL_/outs_192_FULL.nrrd,"(387, 512, 512)",False
248,/Users/joemarsilla/Downloads/FINAL_/outs_471_FULL.nrrd,"(173, 512, 512)",True
249,/Users/joemarsilla/Downloads/FINAL_/outs_100_FULL.nrrd,"(115, 512, 512)",True
250,/Users/joemarsilla/Downloads/FINAL_/outs_336_FULL.nrrd,"(261, 512, 512)",False
251,/Users/joemarsilla/Downloads/FINAL_/outs_270_FULL.nrrd,"(130, 512, 512)",True
252,/Users/joemarsilla/Downloads/FINAL_/outs_40_FULL.nrrd,"(275, 512, 512)",False
253,/Users/joemarsilla/Downloads/FINAL_/outs_89_FULL.nrrd,"(156, 512, 512)",True
254,/Users/joemarsilla/Downloads/FINAL_/outs_450_FULL.nrrd,"(112, 512, 512)",True
255,/Users/joemarsilla/Downloads/FINAL_/outs_385_FULL.nrrd,"(265, 512, 512)",False
256,/Users/joemarsilla/Downloads/FINAL_/outs_358_FULL.nrrd,"(268, 512, 512)",False
257,/Users/joemarsilla/Downloads/FINAL_/outs_391_FULL.nrrd,"(140, 512, 512)",True
258,/Users/joemarsilla/Downloads/FINAL_/outs_444_FULL.nrrd,"(284, 512, 512)",False
259,/Users/joemarsilla/Downloads/FINAL_/outs_54_FULL.nrrd,"(112, 512, 512)",True
260,/Users/joemarsilla/Downloads/FINAL_/outs_264_FULL.nrrd,"(175, 512, 512)",True
261,/Users/joemarsilla/Downloads/FINAL_/outs_322_FULL.nrrd,"(270, 512, 512)",False
262,/Users/joemarsilla/Downloads/FINAL_/outs_114_FULL.nrrd,"(287, 512, 512)",False
263,/Users/joemarsilla/Downloads/FINAL_/outs_232_FULL.nrrd,"(112, 512, 512)",True
264,/Users/joemarsilla/Downloads/FINAL_/outs_374_FULL.nrrd,"(261, 512, 512)",False
265,/Users/joemarsilla/Downloads/FINAL_/outs_142_FULL.nrrd,"(160, 512, 512)",True
266,/Users/joemarsilla/Downloads/FINAL_/outs_468_FULL.nrrd,"(279, 512, 512)",False
267,/Users/joemarsilla/Downloads/FINAL_/outs_138_FULL.nrrd,"(274, 512, 512)",False
268,/Users/joemarsilla/Downloads/FINAL_/outs_412_FULL.nrrd,"(387, 512, 512)",False
269,/Users/joemarsilla/Downloads/FINAL_/outs_248_FULL.nrrd,"(262, 512, 512)",False
270,/Users/joemarsilla/Downloads/FINAL_/outs_281_FULL.nrrd,"(351, 512, 512)",False
271,/Users/joemarsilla/Downloads/FINAL_/outs_78_FULL.nrrd,"(268, 512, 512)",False
272,/Users/joemarsilla/Downloads/FINAL_/outs_1_FULL.nrrd,"(350, 512, 512)",False
273,/Users/joemarsilla/Downloads/FINAL_/outs_295_FULL.nrrd,"(271, 512, 512)",False
274,/Users/joemarsilla/Downloads/FINAL_/outs_406_FULL.nrrd,"(119, 512, 512)",True
275,/Users/joemarsilla/Downloads/FINAL_/outs_16_FULL.nrrd,"(120, 512, 512)",True
276,/Users/joemarsilla/Downloads/FINAL_/outs_156_FULL.nrrd,"(281, 512, 512)",False
277,/Users/joemarsilla/Downloads/FINAL_/outs_360_FULL.nrrd,"(115, 512, 512)",True
278,/Users/joemarsilla/Downloads/FINAL_/outs_226_FULL.nrrd,"(354, 512, 512)",False
279,/Users/joemarsilla/Downloads/FINAL_/outs_84_FULL.nrrd,"(176, 512, 512)",True
280,/Users/joemarsilla/Downloads/FINAL_/outs_427_FULL.nrrd,"(235, 512, 512)",False
281,/Users/joemarsilla/Downloads/FINAL_/outs_37_FULL.nrrd,"(112, 512, 512)",True
282,/Users/joemarsilla/Downloads/FINAL_/outs_388_FULL.nrrd,"(306, 512, 512)",False
283,/Users/joemarsilla/Downloads/FINAL_/outs_341_FULL.nrrd,"(355, 512, 512)",False
284,/Users/joemarsilla/Downloads/FINAL_/outs_177_FULL.nrrd,"(291, 512, 512)",False
285,/Users/joemarsilla/Downloads/FINAL_/outs_207_FULL.nrrd,"(280, 512, 512)",False
286,/Users/joemarsilla/Downloads/FINAL_/outs_213_FULL.nrrd,"(236, 512, 512)",False
287,/Users/joemarsilla/Downloads/FINAL_/outs_449_FULL.nrrd,"(282, 512, 512)",False
288,/Users/joemarsilla/Downloads/FINAL_/outs_163_FULL.nrrd,"(157, 512, 512)",True
289,/Users/joemarsilla/Downloads/FINAL_/outs_355_FULL.nrrd,"(296, 512, 512)",False
290,/Users/joemarsilla/Downloads/FINAL_/outs_23_FULL.nrrd,"(140, 512, 512)",True
291,/Users/joemarsilla/Downloads/FINAL_/outs_433_FULL.nrrd,"(262, 512, 512)",False
292,/Users/joemarsilla/Downloads/FINAL_/outs_119_FULL.nrrd,"(112, 512, 512)",True
293,/Users/joemarsilla/Downloads/FINAL_/outs_269_FULL.nrrd,"(212, 512, 512)",False
294,/Users/joemarsilla/Downloads/FINAL_/outs_90_FULL.nrrd,"(112, 512, 512)",True
295,/Users/joemarsilla/Downloads/FINAL_/outs_59_FULL.nrrd,"(253, 512, 512)",False
296,/Users/joemarsilla/Downloads/FINAL_/outs_456_FULL.nrrd,"(237, 512, 512)",False
297,/Users/joemarsilla/Downloads/FINAL_/outs_383_FULL.nrrd,"(112, 512, 512)",True
298,/Users/joemarsilla/Downloads/FINAL_/outs_276_FULL.nrrd,"(133, 512, 512)",True
299,/Users/joemarsilla/Downloads/FINAL_/outs_106_FULL.nrrd,"(250, 512, 512)",False
300,/Users/joemarsilla/Downloads/FINAL_/outs_330_FULL.nrrd,"(161, 512, 512)",True
301,/Users/joemarsilla/Downloads/FINAL_/outs_46_FULL.nrrd,"(293, 512, 512)",False
302,/Users/joemarsilla/Downloads/FINAL_/outs_52_FULL.nrrd,"(152, 512, 512)",True
303,/Users/joemarsilla/Downloads/FINAL_/outs_324_FULL.nrrd,"(243, 512, 512)",False
304,/Users/joemarsilla/Downloads/FINAL_/outs_112_FULL.nrrd,"(138, 512, 512)",True
305,/Users/joemarsilla/Downloads/FINAL_/outs_438_FULL.nrrd,"(155, 512, 512)",True
306,/Users/joemarsilla/Downloads/FINAL_/outs_262_FULL.nrrd,"(263, 512, 512)",False
307,/Users/joemarsilla/Downloads/FINAL_/outs_28_FULL.nrrd,"(321, 512, 512)",False
308,/Users/joemarsilla/Downloads/FINAL_/outs_218_FULL.nrrd,"(339, 512, 512)",False
309,/Users/joemarsilla/Downloads/FINAL_/outs_397_FULL.nrrd,"(165, 512, 512)",True
310,/Users/joemarsilla/Downloads/FINAL_/outs_168_FULL.nrrd,"(140, 512, 512)",True
311,/Users/joemarsilla/Downloads/FINAL_/outs_442_FULL.nrrd,"(112, 512, 512)",True
312,/Users/joemarsilla/Downloads/FINAL_/outs_73_FULL.nrrd,"(145, 512, 512)",True
313,/Users/joemarsilla/Downloads/FINAL_/outs_419_FULL.nrrd,"(269, 512, 512)",False
314,/Users/joemarsilla/Downloads/FINAL_/outs_133_FULL.nrrd,"(156, 512, 512)",True
315,/Users/joemarsilla/Downloads/FINAL_/outs_305_FULL.nrrd,"(252, 512, 512)",False
316,/Users/joemarsilla/Downloads/FINAL_/outs_243_FULL.nrrd,"(274, 512, 512)",False
317,/Users/joemarsilla/Downloads/FINAL_/outs_239_FULL.nrrd,"(163, 512, 512)",True
318,/Users/joemarsilla/Downloads/FINAL_/outs_463_FULL.nrrd,"(351, 512, 512)",False
319,/Users/joemarsilla/Downloads/FINAL_/outs_180_FULL.nrrd,"(112, 512, 512)",True
320,/Users/joemarsilla/Downloads/FINAL_/outs_149_FULL.nrrd,"(242, 512, 512)",False
321,/Users/joemarsilla/Downloads/FINAL_/outs_194_FULL.nrrd,"(287, 512, 512)",False
322,/Users/joemarsilla/Downloads/FINAL_/outs_257_FULL.nrrd,"(228, 512, 512)",False
323,/Users/joemarsilla/Downloads/FINAL_/outs_311_FULL.nrrd,"(257, 512, 512)",False
324,/Users/joemarsilla/Downloads/FINAL_/outs_127_FULL.nrrd,"(112, 512, 512)",True
325,/Users/joemarsilla/Downloads/FINAL_/outs_67_FULL.nrrd,"(265, 512, 512)",False
326,/Users/joemarsilla/Downloads/FINAL_/outs_31_FULL.nrrd,"(254, 512, 512)",False
327,/Users/joemarsilla/Downloads/FINAL_/outs_201_FULL.nrrd,"(166, 512, 512)",True
328,/Users/joemarsilla/Downloads/FINAL_/outs_347_FULL.nrrd,"(263, 512, 512)",False
329,/Users/joemarsilla/Downloads/FINAL_/outs_171_FULL.nrrd,"(170, 512, 512)",True
330,/Users/joemarsilla/Downloads/FINAL_/outs_82_FULL.nrrd,"(280, 512, 512)",False
331,/Users/joemarsilla/Downloads/FINAL_/outs_421_FULL.nrrd,"(217, 512, 512)",False
332,/Users/joemarsilla/Downloads/FINAL_/outs_435_FULL.nrrd,"(241, 512, 512)",False
333,/Users/joemarsilla/Downloads/FINAL_/outs_329_FULL.nrrd,"(155, 512, 512)",True
334,/Users/joemarsilla/Downloads/FINAL_/outs_96_FULL.nrrd,"(243, 512, 512)",False
335,/Users/joemarsilla/Downloads/FINAL_/outs_165_FULL.nrrd,"(160, 512, 512)",True
336,/Users/joemarsilla/Downloads/FINAL_/outs_353_FULL.nrrd,"(312, 512, 512)",False
337,/Users/joemarsilla/Downloads/FINAL_/outs_215_FULL.nrrd,"(176, 512, 512)",True
338,/Users/joemarsilla/Downloads/FINAL_/outs_25_FULL.nrrd,"(289, 512, 512)",False
339,/Users/joemarsilla/Downloads/FINAL_/outs_287_FULL.nrrd,"(268, 512, 512)",False
340,/Users/joemarsilla/Downloads/FINAL_/outs_308_FULL.nrrd,"(112, 512, 512)",True
341,/Users/joemarsilla/Downloads/FINAL_/outs_414_FULL.nrrd,"(269, 512, 512)",False
342,/Users/joemarsilla/Downloads/FINAL_/outs_372_FULL.nrrd,"(280, 512, 512)",False
343,/Users/joemarsilla/Downloads/FINAL_/outs_144_FULL.nrrd,"(140, 512, 512)",True
344,/Users/joemarsilla/Downloads/FINAL_/outs_234_FULL.nrrd,"(255, 512, 512)",False
345,/Users/joemarsilla/Downloads/FINAL_/outs_10_FULL.nrrd,"(272, 512, 512)",False
346,/Users/joemarsilla/Downloads/FINAL_/outs_220_FULL.nrrd,"(307, 512, 512)",False
347,/Users/joemarsilla/Downloads/FINAL_/outs_150_FULL.nrrd,"(160, 512, 512)",True
348,/Users/joemarsilla/Downloads/FINAL_/outs_199_FULL.nrrd,"(368, 512, 512)",False
349,/Users/joemarsilla/Downloads/FINAL_/outs_366_FULL.nrrd,"(273, 512, 512)",False
350,/Users/joemarsilla/Downloads/FINAL_/outs_7_FULL.nrrd,"(348, 512, 512)",False
351,/Users/joemarsilla/Downloads/FINAL_/outs_400_FULL.nrrd,"(292, 512, 512)",False
352,/Users/joemarsilla/Downloads/FINAL_/outs_293_FULL.nrrd,"(346, 512, 512)",False
353,/Users/joemarsilla/Downloads/FINAL_/outs_299_FULL.nrrd,"(302, 512, 512)",False
354,/Users/joemarsilla/Downloads/FINAL_/outs_250_FULL.nrrd,"(262, 512, 512)",False
355,/Users/joemarsilla/Downloads/FINAL_/outs_316_FULL.nrrd,"(267, 512, 512)",False
356,/Users/joemarsilla/Downloads/FINAL_/outs_120_FULL.nrrd,"(112, 512, 512)",True
357,/Users/joemarsilla/Downloads/FINAL_/outs_60_FULL.nrrd,"(298, 512, 512)",False
358,/Users/joemarsilla/Downloads/FINAL_/outs_193_FULL.nrrd,"(173, 512, 512)",True
359,/Users/joemarsilla/Downloads/FINAL_/outs_470_FULL.nrrd,"(359, 512, 512)",False
360,/Users/joemarsilla/Downloads/FINAL_/outs_464_FULL.nrrd,"(251, 512, 512)",False
361,/Users/joemarsilla/Downloads/FINAL_/outs_187_FULL.nrrd,"(112, 512, 512)",True
362,/Users/joemarsilla/Downloads/FINAL_/outs_378_FULL.nrrd,"(144, 512, 512)",True
363,/Users/joemarsilla/Downloads/FINAL_/outs_74_FULL.nrrd,"(279, 512, 512)",False
364,/Users/joemarsilla/Downloads/FINAL_/outs_134_FULL.nrrd,"(150, 512, 512)",True
365,/Users/joemarsilla/Downloads/FINAL_/outs_302_FULL.nrrd,"(162, 512, 512)",True
366,/Users/joemarsilla/Downloads/FINAL_/outs_244_FULL.nrrd,"(296, 512, 512)",False
367,/Users/joemarsilla/Downloads/FINAL_/outs_359_FULL.nrrd,"(283, 512, 512)",False
368,/Users/joemarsilla/Downloads/FINAL_/outs_390_FULL.nrrd,"(265, 512, 512)",False
369,/Users/joemarsilla/Downloads/FINAL_/outs_445_FULL.nrrd,"(132, 512, 512)",True
370,/Users/joemarsilla/Downloads/FINAL_/outs_55_FULL.nrrd,"(303, 512, 512)",False
371,/Users/joemarsilla/Downloads/FINAL_/outs_323_FULL.nrrd,"(257, 512, 512)",False
372,/Users/joemarsilla/Downloads/FINAL_/outs_115_FULL.nrrd,"(116, 512, 512)",True
373,/Users/joemarsilla/Downloads/FINAL_/outs_265_FULL.nrrd,"(261, 512, 512)",False
374,/Users/joemarsilla/Downloads/FINAL_/outs_271_FULL.nrrd,"(280, 512, 512)",False
375,/Users/joemarsilla/Downloads/FINAL_/outs_101_FULL.nrrd,"(112, 512, 512)",True
376,/Users/joemarsilla/Downloads/FINAL_/outs_337_FULL.nrrd,"(265, 512, 512)",False
377,/Users/joemarsilla/Downloads/FINAL_/outs_41_FULL.nrrd,"(150, 512, 512)",True
378,/Users/joemarsilla/Downloads/FINAL_/outs_88_FULL.nrrd,"(280, 512, 512)",False
379,/Users/joemarsilla/Downloads/FINAL_/outs_451_FULL.nrrd,"(131, 512, 512)",True
380,/Users/joemarsilla/Downloads/FINAL_/outs_384_FULL.nrrd,"(350, 512, 512)",False
381,/Users/joemarsilla/Downloads/FINAL_/outs_0_FULL.nrrd,"(348, 512, 512)",False
382,/Users/joemarsilla/Downloads/FINAL_/outs_407_FULL.nrrd,"(247, 512, 512)",False
383,/Users/joemarsilla/Downloads/FINAL_/outs_294_FULL.nrrd,"(270, 512, 512)",False
384,/Users/joemarsilla/Downloads/FINAL_/outs_17_FULL.nrrd,"(289, 512, 512)",False
385,/Users/joemarsilla/Downloads/FINAL_/outs_227_FULL.nrrd,"(251, 512, 512)",False
386,/Users/joemarsilla/Downloads/FINAL_/outs_157_FULL.nrrd,"(140, 512, 512)",True
387,/Users/joemarsilla/Downloads/FINAL_/outs_361_FULL.nrrd,"(287, 512, 512)",False
388,/Users/joemarsilla/Downloads/FINAL_/outs_375_FULL.nrrd,"(137, 512, 512)",True
389,/Users/joemarsilla/Downloads/FINAL_/outs_143_FULL.nrrd,"(280, 512, 512)",False
390,/Users/joemarsilla/Downloads/FINAL_/outs_469_FULL.nrrd,"(269, 512, 512)",False
391,/Users/joemarsilla/Downloads/FINAL_/outs_233_FULL.nrrd,"(269, 512, 512)",False
392,/Users/joemarsilla/Downloads/FINAL_/outs_249_FULL.nrrd,"(142, 512, 512)",True
393,/Users/joemarsilla/Downloads/FINAL_/outs_280_FULL.nrrd,"(253, 512, 512)",False
394,/Users/joemarsilla/Downloads/FINAL_/outs_139_FULL.nrrd,"(359, 512, 512)",False
395,/Users/joemarsilla/Downloads/FINAL_/outs_413_FULL.nrrd,"(112, 512, 512)",True
396,/Users/joemarsilla/Downloads/FINAL_/outs_79_FULL.nrrd,"(274, 512, 512)",False
397,/Users/joemarsilla/Downloads/FINAL_/outs_448_FULL.nrrd,"(146, 512, 512)",True
398,/Users/joemarsilla/Downloads/FINAL_/outs_162_FULL.nrrd,"(131, 512, 512)",True
399,/Users/joemarsilla/Downloads/FINAL_/outs_354_FULL.nrrd,"(159, 512, 512)",True
400,/Users/joemarsilla/Downloads/FINAL_/outs_212_FULL.nrrd,"(136, 512, 512)",True
401,/Users/joemarsilla/Downloads/FINAL_/outs_22_FULL.nrrd,"(160, 512, 512)",True
402,/Users/joemarsilla/Downloads/FINAL_/outs_268_FULL.nrrd,"(274, 512, 512)",False
403,/Users/joemarsilla/Downloads/FINAL_/outs_432_FULL.nrrd,"(128, 512, 512)",True
404,/Users/joemarsilla/Downloads/FINAL_/outs_118_FULL.nrrd,"(236, 512, 512)",False
405,/Users/joemarsilla/Downloads/FINAL_/outs_91_FULL.nrrd,"(112, 512, 512)",True
406,/Users/joemarsilla/Downloads/FINAL_/outs_58_FULL.nrrd,"(176, 512, 512)",True
407,/Users/joemarsilla/Downloads/FINAL_/outs_85_FULL.nrrd,"(285, 512, 512)",False
408,/Users/joemarsilla/Downloads/FINAL_/outs_426_FULL.nrrd,"(174, 512, 512)",True
409,/Users/joemarsilla/Downloads/FINAL_/outs_36_FULL.nrrd,"(119, 512, 512)",True
410,/Users/joemarsilla/Downloads/FINAL_/outs_206_FULL.nrrd,"(147, 512, 512)",True
411,/Users/joemarsilla/Downloads/FINAL_/outs_389_FULL.nrrd,"(275, 512, 512)",False
412,/Users/joemarsilla/Downloads/FINAL_/outs_340_FULL.nrrd,"(314, 512, 512)",False
413,/Users/joemarsilla/Downloads/FINAL_/outs_176_FULL.nrrd,"(165, 512, 512)",True
414,/Users/joemarsilla/Downloads/FINAL_/outs_53_FULL.nrrd,"(266, 512, 512)",False
415,/Users/joemarsilla/Downloads/FINAL_/outs_263_FULL.nrrd,"(163, 512, 512)",True
416,/Users/joemarsilla/Downloads/FINAL_/outs_325_FULL.nrrd,"(130, 512, 512)",True
417,/Users/joemarsilla/Downloads/FINAL_/outs_113_FULL.nrrd,"(250, 512, 512)",False
418,/Users/joemarsilla/Downloads/FINAL_/outs_439_FULL.nrrd,"(162, 512, 512)",True
419,/Users/joemarsilla/Downloads/FINAL_/outs_29_FULL.nrrd,"(313, 512, 512)",False
420,/Users/joemarsilla/Downloads/FINAL_/outs_396_FULL.nrrd,"(136, 512, 512)",True
421,/Users/joemarsilla/Downloads/FINAL_/outs_169_FULL.nrrd,"(253, 512, 512)",False
422,/Users/joemarsilla/Downloads/FINAL_/outs_443_FULL.nrrd,"(329, 512, 512)",False
423,/Users/joemarsilla/Downloads/FINAL_/outs_219_FULL.nrrd,"(245, 512, 512)",False
424,/Users/joemarsilla/Downloads/FINAL_/outs_457_FULL.nrrd,"(247, 512, 512)",False
425,/Users/joemarsilla/Downloads/FINAL_/outs_382_FULL.nrrd,"(154, 512, 512)",True
426,/Users/joemarsilla/Downloads/FINAL_/outs_107_FULL.nrrd,"(265, 512, 512)",False
427,/Users/joemarsilla/Downloads/FINAL_/outs_331_FULL.nrrd,"(145, 512, 512)",True
428,/Users/joemarsilla/Downloads/FINAL_/outs_277_FULL.nrrd,"(278, 512, 512)",False
429,/Users/joemarsilla/Downloads/FINAL_/outs_47_FULL.nrrd,"(255, 512, 512)",False
430,/Users/joemarsilla/Downloads/FINAL_/outs_195_FULL.nrrd,"(272, 512, 512)",False
431,/Users/joemarsilla/Downloads/FINAL_/outs_310_FULL.nrrd,"(236, 512, 512)",False
432,/Users/joemarsilla/Downloads/FINAL_/outs_126_FULL.nrrd,"(170, 512, 512)",True
433,/Users/joemarsilla/Downloads/FINAL_/outs_256_FULL.nrrd,"(265, 512, 512)",False
434,/Users/joemarsilla/Downloads/FINAL_/outs_66_FULL.nrrd,"(146, 512, 512)",True
435,/Users/joemarsilla/Downloads/FINAL_/outs_72_FULL.nrrd,"(220, 512, 512)",False
436,/Users/joemarsilla/Downloads/FINAL_/outs_242_FULL.nrrd,"(292, 512, 512)",False
437,/Users/joemarsilla/Downloads/FINAL_/outs_418_FULL.nrrd,"(132, 512, 512)",True
438,/Users/joemarsilla/Downloads/FINAL_/outs_132_FULL.nrrd,"(274, 512, 512)",False
439,/Users/joemarsilla/Downloads/FINAL_/outs_304_FULL.nrrd,"(112, 512, 512)",True
440,/Users/joemarsilla/Downloads/FINAL_/outs_462_FULL.nrrd,"(299, 512, 512)",False
441,/Users/joemarsilla/Downloads/FINAL_/outs_181_FULL.nrrd,"(280, 512, 512)",False
442,/Users/joemarsilla/Downloads/FINAL_/outs_148_FULL.nrrd,"(296, 512, 512)",False
443,/Users/joemarsilla/Downloads/FINAL_/outs_238_FULL.nrrd,"(174, 512, 512)",True
444,/Users/joemarsilla/Downloads/FINAL_/outs_434_FULL.nrrd,"(257, 512, 512)",False
445,/Users/joemarsilla/Downloads/FINAL_/outs_328_FULL.nrrd,"(299, 512, 512)",False
446,/Users/joemarsilla/Downloads/FINAL_/outs_97_FULL.nrrd,"(250, 512, 512)",False
447,/Users/joemarsilla/Downloads/FINAL_/outs_214_FULL.nrrd,"(253, 512, 512)",False
448,/Users/joemarsilla/Downloads/FINAL_/outs_164_FULL.nrrd,"(246, 512, 512)",False
449,/Users/joemarsilla/Downloads/FINAL_/outs_352_FULL.nrrd,"(234, 512, 512)",False
450,/Users/joemarsilla/Downloads/FINAL_/outs_24_FULL.nrrd,"(288, 512, 512)",False
451,/Users/joemarsilla/Downloads/FINAL_/outs_30_FULL.nrrd,"(128, 512, 512)",True
452,/Users/joemarsilla/Downloads/FINAL_/outs_346_FULL.nrrd,"(236, 512, 512)",False
453,/Users/joemarsilla/Downloads/FINAL_/outs_170_FULL.nrrd,"(260, 512, 512)",False
454,/Users/joemarsilla/Downloads/FINAL_/outs_200_FULL.nrrd,"(130, 512, 512)",True
455,/Users/joemarsilla/Downloads/FINAL_/outs_83_FULL.nrrd,"(112, 512, 512)",True
456,/Users/joemarsilla/Downloads/FINAL_/outs_420_FULL.nrrd,"(117, 512, 512)",True
457,/Users/joemarsilla/Downloads/FINAL_/outs_11_FULL.nrrd,"(179, 512, 512)",True
458,/Users/joemarsilla/Downloads/FINAL_/outs_151_FULL.nrrd,"(112, 512, 512)",True
459,/Users/joemarsilla/Downloads/FINAL_/outs_198_FULL.nrrd,"(140, 512, 512)",True
460,/Users/joemarsilla/Downloads/FINAL_/outs_367_FULL.nrrd,"(160, 512, 512)",True
461,/Users/joemarsilla/Downloads/FINAL_/outs_221_FULL.nrrd,"(289, 512, 512)",False
462,/Users/joemarsilla/Downloads/FINAL_/outs_6_FULL.nrrd,"(160, 512, 512)",True
463,/Users/joemarsilla/Downloads/FINAL_/outs_292_FULL.nrrd,"(130, 512, 512)",True
464,/Users/joemarsilla/Downloads/FINAL_/outs_401_FULL.nrrd,"(181, 512, 512)",True
465,/Users/joemarsilla/Downloads/FINAL_/outs_309_FULL.nrrd,"(251, 512, 512)",False
466,/Users/joemarsilla/Downloads/FINAL_/outs_415_FULL.nrrd,"(260, 512, 512)",False
467,/Users/joemarsilla/Downloads/FINAL_/outs_286_FULL.nrrd,"(356, 512, 512)",False
468,/Users/joemarsilla/Downloads/FINAL_/outs_235_FULL.nrrd,"(288, 512, 512)",False
469,/Users/joemarsilla/Downloads/FINAL_/outs_373_FULL.nrrd,"(179, 512, 512)",True
470,/Users/joemarsilla/Downloads/FINAL_/outs_145_FULL.nrrd,"(266, 512, 512)",False
